ZSPR,0_2,3_5,6_9,10_14,15_19,20_24,25_29,30_34,35_39,40_44,45_49,50_54,55_59,60_64,65_69,70_74,75_79,80_84,85_999,year
0,3,7,7,6,14,52,51,27,22,27,13,28,23,23,15,12,13,15,2,2017
1,14,12,14,19,34,226,189,108,51,45,33,59,34,31,33,23,28,18,18,2017
10,8,7,6,7,7,67,66,47,32,26,31,18,23,18,13,17,16,4,11,2017
11,25,14,11,26,45,139,146,98,58,52,58,73,45,37,27,19,13,7,6,2017
12,35,16,17,29,45,140,145,95,79,61,65,73,59,45,54,52,45,14,15,2017
13,10,10,11,17,20,54,45,29,26,26,27,29,23,26,27,26,31,22,75,2017
14,23,11,19,22,24,48,83,47,55,36,35,34,31,21,27,15,13,4,5,2017
15,12,12,10,21,10,29,50,38,28,26,36,27,12,10,17,16,13,7,6,2017
20,6,6,10,5,23,75,78,40,53,29,19,19,17,15,11,11,5,5,10,2017
21,17,21,16,11,23,252,203,109,54,40,47,37,60,28,34,29,41,26,70,2017
30,16,14,12,24,38,177,194,101,67,35,60,43,55,34,28,19,36,20,13,2017
31,17,6,13,9,24,171,145,85,40,37,19,23,18,12,13,11,3,2,4,2017
32,9,15,12,18,18,114,136,59,56,40,33,30,34,22,36,32,30,20,40,2017
33,2,0,2,1,26,102,37,10,5,1,5,4,2,2,3,3,4,1,1,2017
40,9,5,4,11,13,75,88,42,17,15,21,24,12,9,14,13,12,4,7,2017
41,26,20,24,19,44,363,293,128,81,40,63,46,48,41,31,21,11,14,14,2017
50,19,19,13,7,15,38,42,56,32,21,27,18,23,15,14,11,13,1,7,2017
51,20,25,15,25,47,188,148,89,71,67,55,56,52,44,44,29,23,7,7,2017
52,18,12,10,15,19,79,91,53,40,30,37,39,26,38,26,23,19,8,3,2017
53,11,6,9,17,36,102,90,62,46,46,61,58,36,18,10,26,39,13,12,2017
60,29,24,46,44,44,71,96,74,52,51,54,47,47,41,35,35,31,16,16,2017
61,11,17,17,11,23,65,79,64,28,37,26,34,23,30,23,23,21,16,9,2017
70,16,12,31,23,35,60,77,50,43,47,59,54,46,38,28,32,31,15,17,2017
71,17,18,27,47,29,65,68,46,47,41,62,55,54,23,25,31,38,27,19,2017
72,36,30,30,56,50,94,96,104,82,81,101,105,85,64,65,60,49,23,29,2017
73,20,15,18,19,19,40,53,38,36,34,38,47,50,35,29,28,25,12,14,2017
74,18,16,22,31,32,66,82,63,58,44,75,79,65,36,32,41,22,8,28,2017
75,19,13,26,18,33,54,57,42,31,34,37,43,39,36,36,46,57,78,199,2017
80,39,46,67,88,63,84,82,80,89,79,115,150,127,97,91,63,53,19,11,2017
81,5,10,10,13,20,13,19,14,12,18,27,25,24,22,18,14,12,10,8,2017
100,17,19,22,18,53,159,140,92,52,50,30,28,40,37,21,22,20,13,12,2017
101,13,3,8,6,10,111,137,84,64,41,52,36,36,31,23,22,13,4,10,2017
102,23,21,15,16,35,178,167,106,64,70,57,74,48,46,38,31,31,13,13,2017
103,8,2,13,14,13,36,44,32,22,33,25,14,14,1,4,6,6,5,1,2017
104,23,16,27,22,39,160,130,85,53,44,43,54,28,40,33,25,24,6,8,2017
105,5,4,10,11,6,68,57,29,22,23,17,15,21,18,11,16,12,19,53,2017
106,22,6,11,10,14,69,66,49,47,31,39,23,24,22,7,15,17,5,6,2017
107,17,21,26,18,57,126,96,72,43,35,23,25,22,14,11,15,16,6,9,2017
110,7,9,10,12,23,121,95,69,36,29,40,26,27,16,26,22,13,4,17,2017
111,10,12,21,30,32,159,125,79,44,50,51,44,33,42,20,30,34,24,27,2017
114,30,23,38,33,39,163,163,110,80,64,66,52,56,41,36,33,24,9,27,2017
115,15,14,22,14,27,190,133,90,52,39,44,42,30,30,18,23,16,14,20,2017
116,21,9,9,22,19,140,153,69,52,37,43,40,53,26,33,28,32,18,25,2017
117,22,19,27,37,26,122,112,70,69,53,47,49,44,42,43,34,16,12,14,2017
118,28,20,26,31,27,71,85,85,48,45,53,65,51,57,55,43,23,15,15,2017
120,1,3,2,4,3,26,16,11,11,6,14,12,7,6,13,23,25,8,9,2017
121,1,3,3,5,5,6,14,7,8,8,2,5,7,5,3,2,2,1,0,2017
122,4,7,10,10,14,33,45,30,18,23,24,25,21,16,10,10,10,11,3,2017
123,1,0,0,1,2,4,1,3,3,3,1,0,0,1,0,0,0,0,0,2017
124,0,4,1,2,2,5,5,3,4,4,2,3,3,2,2,2,11,2,0,2017
130,13,10,5,12,15,132,164,73,53,32,22,25,24,21,17,7,5,7,19,2017
131,29,21,28,39,48,287,202,122,84,67,75,65,62,49,47,48,37,19,43,2017
132,18,15,13,22,27,75,78,63,50,51,31,38,22,24,19,19,36,23,37,2017
133,11,10,15,30,42,38,42,36,45,48,55,73,88,55,54,46,36,19,17,2017
134,1,3,0,3,3,16,9,3,2,2,4,4,1,3,2,2,0,0,0,2017
140,32,25,39,37,60,73,76,81,76,65,92,96,89,40,37,53,54,28,32,2017
150,26,19,28,37,32,62,62,58,49,68,58,62,30,31,25,25,22,14,17,2017
151,1,1,1,5,37,87,110,77,56,28,22,23,17,3,2,8,6,0,0,2017
152,8,5,11,30,15,3,30,26,18,33,23,32,31,12,22,14,12,7,4,2017
153,13,13,16,10,9,26,28,43,37,13,25,28,20,17,9,4,4,0,0,2017
200,31,18,21,30,40,86,73,67,59,60,59,58,68,49,59,51,42,16,22,2017
201,19,17,8,19,35,73,53,59,36,42,53,66,52,51,51,46,26,16,33,2017
202,10,15,10,15,19,42,34,46,31,45,25,40,24,17,25,17,22,17,22,2017
203,13,15,24,26,25,30,42,35,45,25,43,68,47,57,46,53,52,37,40,2017
210,17,23,21,24,19,53,68,48,43,50,51,47,44,54,46,54,25,10,13,2017
211,22,29,32,47,51,214,165,117,80,48,86,72,73,68,64,47,37,26,32,2017
212,11,17,15,18,12,43,62,45,27,29,41,43,35,31,22,25,27,12,10,2017
213,15,16,19,33,32,37,30,25,35,42,59,71,48,37,51,41,60,26,16,2017
214,31,24,25,40,41,137,111,83,93,52,72,57,42,44,59,32,43,13,13,2017
215,21,17,24,24,35,125,108,78,63,60,59,63,57,36,40,36,27,17,25,2017
220,30,29,31,45,57,63,63,49,57,54,60,87,71,72,61,53,26,19,11,2017
221,12,13,20,27,23,46,45,43,34,28,51,59,54,43,47,47,31,19,23,2017
222,6,11,13,16,27,21,21,23,24,20,38,51,37,33,46,34,26,16,8,2017
223,13,11,8,15,22,52,49,41,23,30,36,40,36,31,28,23,31,40,65,2017
224,12,5,5,18,16,33,38,28,22,30,34,35,40,26,34,17,18,32,29,2017
230,18,23,18,25,38,129,102,81,75,66,60,98,83,50,47,58,49,39,35,2017
231,32,34,65,120,109,90,92,85,100,146,118,94,72,39,50,32,46,20,72,2017
232,14,11,15,21,31,61,71,72,50,59,63,48,28,32,28,32,23,11,11,2017
240,22,9,18,28,24,87,117,78,65,48,63,57,57,47,40,37,36,26,43,2017
241,45,40,21,34,59,138,121,120,86,71,89,84,73,55,54,51,62,48,55,2017
242,15,16,20,15,22,53,69,52,34,48,55,54,49,55,46,32,37,10,17,2017
243,10,1,6,8,13,63,35,30,21,16,15,11,12,11,6,8,6,1,2,2017
244,22,17,22,37,34,105,107,94,75,45,85,93,62,57,61,51,34,12,9,2017
245,32,21,43,31,54,101,114,93,92,97,89,96,75,58,49,35,27,14,19,2017
246,24,26,29,41,25,54,73,63,58,32,43,46,51,37,63,28,37,9,11,2017
250,37,24,55,55,48,101,118,89,75,70,59,88,79,60,72,89,54,28,24,2017
251,21,12,18,12,29,35,42,38,25,22,36,31,18,27,28,33,46,38,27,2017
252,19,23,33,38,34,25,38,40,32,38,46,34,47,35,46,46,36,24,17,2017
253,21,18,27,21,37,38,53,39,35,38,50,61,66,37,25,25,17,35,32,2017
254,16,19,17,42,39,51,52,43,43,36,60,84,72,58,45,59,63,52,27,2017
255,32,32,57,94,97,93,88,82,88,81,104,135,108,75,107,158,168,86,55,2017
256,36,66,85,80,86,104,130,132,128,98,98,91,69,67,65,48,55,38,25,2017
260,10,10,18,24,19,15,21,29,18,24,39,41,25,26,44,57,44,11,6,2017
261,12,12,25,39,53,62,39,40,42,44,65,78,57,38,60,87,82,33,37,2017
262,16,17,21,42,29,51,40,41,42,35,58,48,38,31,27,45,58,37,24,2017
263,68,76,172,233,230,188,119,169,206,241,257,214,153,112,160,167,109,68,82,2017
300,34,31,32,48,49,117,111,90,90,65,99,87,79,75,66,43,63,34,101,2017
301,27,16,26,34,46,134,158,127,95,80,79,107,87,67,73,39,49,24,37,2017
302,34,18,30,48,31,130,152,93,72,56,65,60,63,48,42,38,39,20,32,2017
303,30,26,29,30,45,101,126,117,70,74,78,94,98,51,51,47,42,26,32,2017
304,19,14,31,38,51,91,117,103,74,54,83,75,62,48,37,44,37,26,24,2017
305,17,10,13,18,33,33,31,44,44,28,37,50,38,29,18,30,20,12,15,2017
306,2,1,3,2,10,5,3,4,5,7,10,8,7,5,9,11,4,2,6,2017
310,27,30,42,48,53,41,41,47,43,56,67,67,62,49,39,20,21,11,23,2017
311,8,6,9,10,6,12,13,15,16,11,12,19,11,8,5,3,7,3,0,2017
320,50,41,32,53,117,501,319,167,113,104,124,120,105,81,72,42,36,22,10,2017
321,39,18,17,16,34,242,229,134,91,56,61,62,57,30,34,27,29,23,13,2017
322,78,54,76,92,130,411,374,237,178,154,144,176,152,139,118,135,131,64,67,2017
323,2,1,3,2,4,21,33,17,14,9,7,4,7,4,5,2,2,1,0,2017
330,28,24,29,31,44,161,176,97,77,52,56,47,51,37,47,29,25,14,18,2017
331,8,6,11,13,13,30,36,33,16,18,22,24,21,18,17,20,16,9,11,2017
332,26,11,10,13,36,123,156,91,91,48,79,52,59,69,39,35,24,12,4,2017
333,57,47,77,103,111,175,218,199,177,192,169,195,129,118,88,79,72,27,24,2017
334,34,21,21,20,56,164,190,120,97,81,76,85,61,41,36,25,30,18,18,2017
335,70,49,59,74,67,231,268,200,169,178,129,151,131,125,101,105,69,44,22,2017
336,6,5,5,11,21,140,110,37,20,18,25,17,25,14,20,9,11,14,10,2017
337,0,0,2,0,2,1,1,0,1,2,0,2,3,0,0,0,0,0,2,2017
338,0,1,1,0,0,1,0,0,2,2,0,0,0,2,0,0,0,1,1,2017
339,0,0,0,0,2,1,2,0,0,2,2,1,2,2,5,1,0,0,1,2017
340,16,22,38,40,55,131,101,62,48,51,37,41,46,44,38,25,16,5,5,2017
341,58,72,151,185,197,229,201,182,200,220,206,229,172,132,87,100,103,59,96,2017
342,7,10,9,15,19,20,24,22,19,17,24,35,27,14,17,21,34,12,7,2017
343,10,14,8,20,15,70,73,66,35,28,39,47,46,30,24,16,12,9,11,2017
344,5,4,11,4,12,20,24,29,11,16,17,26,24,20,16,20,14,6,8,2017
345,23,16,21,12,21,88,84,59,34,31,22,26,29,19,26,25,16,8,3,2017
350,33,33,37,37,48,61,77,95,92,99,80,86,75,56,58,72,69,41,53,2017
351,10,9,15,20,16,27,48,38,38,30,33,29,36,14,18,19,31,9,14,2017
352,6,9,12,17,12,23,26,19,30,21,28,23,29,18,11,11,24,8,7,2017
353,11,6,8,23,26,31,29,31,29,25,38,40,35,25,27,35,34,16,18,2017
354,21,14,22,28,31,29,46,43,58,46,53,49,40,16,36,37,39,12,16,2017
355,6,8,8,16,21,20,35,18,21,20,30,19,20,14,12,17,15,5,8,2017
356,22,14,30,25,25,49,44,48,58,47,40,43,50,42,46,47,43,13,18,2017
357,24,19,29,53,55,71,75,71,42,52,66,163,176,115,87,37,27,13,4,2017
360,55,52,56,55,75,121,147,161,148,94,130,141,120,106,97,81,70,19,15,2017
361,0,0,0,0,0,0,0,1,0,0,0,0,0,0,0,0,0,0,0,2017
400,20,23,26,35,33,49,78,66,56,44,57,57,60,28,48,38,27,17,25,2017
401,22,13,15,28,24,25,39,50,46,44,51,28,27,14,17,16,13,5,17,2017
402,23,12,19,22,21,51,56,75,51,48,54,48,22,36,34,24,27,14,8,2017
403,10,8,17,12,14,48,46,23,17,27,34,31,22,30,24,19,19,12,13,2017
404,5,5,11,9,14,13,9,14,11,14,26,23,19,15,12,9,9,4,6,2017
410,5,5,5,9,8,7,7,5,6,9,10,21,9,6,6,6,8,6,3,2017
420,24,13,17,19,27,72,90,49,53,43,22,26,31,19,16,9,8,4,3,2017
430,3,4,7,9,17,29,30,23,20,18,29,22,30,24,30,22,35,15,17,2017
431,45,49,66,94,88,104,91,96,94,105,111,107,108,130,127,136,121,45,37,2017
500,21,18,22,31,28,42,36,56,34,43,58,61,25,28,24,18,15,10,2,2017
501,18,7,10,15,18,16,22,34,33,22,28,13,11,13,7,8,8,6,6,2017
502,5,5,5,10,4,8,8,11,13,7,5,4,12,6,8,9,2,2,4,2017
510,18,21,45,41,37,59,75,83,79,75,81,83,50,47,46,18,24,13,5,2017
511,16,21,36,35,40,54,63,65,51,49,68,66,31,37,38,66,85,44,43,2017
512,25,21,27,48,57,90,82,67,58,55,70,90,62,59,47,24,37,18,19,2017
513,19,13,28,63,60,36,48,40,48,56,63,67,46,33,28,13,17,13,23,2017
514,11,8,18,26,42,50,41,27,28,57,70,75,63,39,43,52,18,13,20,2017
520,7,10,25,23,46,138,131,64,46,34,22,17,8,7,2,2,1,0,2,2017
521,0,0,0,1,7,9,18,6,4,6,6,5,4,3,1,2,2,1,1,2017
522,0,0,0,0,0,2,0,2,3,2,2,2,2,1,0,0,0,0,0,2017
600,3,8,5,3,6,16,15,18,13,12,7,10,18,10,7,10,5,3,4,2017
601,12,16,24,32,28,38,31,30,43,49,51,58,42,30,32,31,31,11,7,2017
602,13,23,22,32,39,35,28,51,33,22,40,47,36,22,24,32,33,23,17,2017
603,7,1,0,5,8,19,12,14,12,8,13,14,17,9,7,9,7,2,5,2017
604,5,6,5,5,3,3,8,11,13,16,15,15,14,19,15,29,30,11,8,2017
605,1,0,0,0,1,1,1,0,1,0,2,1,0,1,1,1,0,0,1,2017
610,24,22,26,27,28,41,49,32,57,48,46,41,47,48,38,53,44,26,24,2017
611,11,16,21,21,41,27,40,35,40,51,70,61,47,39,26,26,19,7,7,2017
612,39,36,48,42,41,49,72,86,90,91,103,91,62,56,35,49,37,27,30,2017
620,7,5,3,4,21,48,29,28,25,25,32,34,13,14,15,13,12,6,3,2017
621,22,11,21,21,31,57,55,49,47,41,63,58,41,28,21,26,17,5,5,2017
622,35,27,28,34,51,75,92,70,71,67,80,73,56,43,52,43,34,8,8,2017
630,51,42,59,59,77,85,94,88,89,75,76,100,86,68,81,68,100,50,45,2017
631,12,16,16,35,46,33,29,26,29,38,50,43,31,66,118,102,96,46,72,2017
632,18,19,19,40,36,41,46,39,45,63,63,56,50,37,38,38,47,31,30,2017
633,36,35,45,81,45,56,57,64,58,73,70,80,75,46,95,134,102,38,13,2017
634,18,17,30,36,35,21,29,31,42,32,32,30,29,77,89,51,23,7,3,2017
700,17,17,32,27,34,25,21,39,26,38,59,35,23,44,28,36,28,15,12,2017
800,16,18,20,31,38,33,35,41,30,37,39,52,45,27,36,41,34,15,18,2017
801,27,41,45,67,75,60,63,59,75,69,122,96,83,53,40,46,39,16,22,2017
802,21,14,23,31,19,26,32,47,52,38,48,50,41,47,56,68,58,25,20,2017
0,3,5,8,5,12,50,46,20,28,23,16,26,25,21,14,13,13,15,2,2016
1,16,11,21,18,40,217,181,89,55,47,36,48,38,38,34,25,25,17,17,2016
10,9,5,7,5,12,63,55,39,25,25,28,20,25,15,12,20,10,8,8,2016
11,23,11,20,20,56,142,134,93,60,51,66,64,42,44,34,21,13,8,5,2016
12,27,20,23,27,46,145,136,81,72,69,61,78,57,45,54,54,37,18,15,2016
13,8,10,11,17,10,65,38,29,23,25,28,31,25,22,26,31,26,18,77,2016
14,18,16,15,20,19,82,70,43,45,37,33,30,27,26,20,18,9,6,4,2016
15,11,11,13,15,16,30,41,41,31,27,37,20,11,10,22,14,13,6,6,2016
20,7,5,7,5,17,85,84,40,46,22,28,22,15,13,12,12,2,7,10,2016
21,19,14,18,12,39,228,182,96,49,45,48,39,55,32,34,33,33,28,66,2016
30,14,13,15,22,36,183,164,84,68,43,57,47,50,33,30,27,30,21,13,2016
31,14,8,9,17,34,167,138,80,34,30,24,24,12,19,8,8,3,3,4,2016
32,12,10,11,17,21,124,96,60,58,37,30,34,29,19,34,37,27,20,39,2016
33,2,1,2,0,27,82,20,15,9,1,4,2,3,2,3,4,3,2,0,2016
40,9,2,6,11,15,72,88,30,15,15,22,18,11,13,15,15,9,3,8,2016
41,13,23,8,11,43,300,247,91,63,40,53,39,42,44,37,15,19,13,14,2016
50,19,18,11,7,18,38,39,50,26,24,20,15,28,15,14,9,11,3,6,2016
51,22,22,16,27,43,179,132,84,71,73,56,50,47,48,41,33,20,8,6,2016
52,14,8,15,15,20,82,84,59,38,39,38,33,29,37,25,26,14,7,3,2016
53,13,5,15,18,39,110,97,62,46,56,80,53,35,15,14,35,30,13,10,2016
60,28,27,40,43,47,85,105,70,59,48,60,44,48,40,38,37,27,14,15,2016
61,12,12,18,12,20,73,79,67,28,42,24,30,33,23,25,26,19,15,7,2016
70,18,14,29,28,33,51,81,48,51,48,59,49,51,36,28,32,31,17,19,2016
71,20,16,27,44,24,66,50,52,52,41,62,54,48,22,27,34,37,22,18,2016
72,44,28,33,56,47,109,99,93,79,92,94,117,79,57,69,61,41,27,30,2016
73,16,15,15,20,18,39,55,38,37,31,43,44,54,37,26,26,25,13,14,2016
74,18,12,22,32,36,79,67,63,52,50,79,79,56,36,42,33,21,13,27,2016
75,12,12,22,19,32,47,59,45,34,37,37,41,46,29,37,44,61,78,201,2016
80,51,49,60,81,77,89,81,86,92,79,123,158,114,92,86,67,48,20,11,2016
81,6,10,10,17,20,13,18,17,14,17,33,22,27,19,20,17,13,8,10,2016
100,19,15,13,19,39,170,147,86,51,45,28,34,40,40,25,20,20,11,15,2016
101,7,4,8,5,11,145,124,80,54,50,54,36,41,33,21,23,12,3,10,2016
102,23,17,16,22,42,166,159,107,81,67,49,73,47,43,40,31,29,10,12,2016
103,5,0,17,10,14,41,50,24,30,31,20,16,8,2,5,7,4,4,2,2016
104,19,16,19,19,31,117,122,60,51,35,48,45,30,39,29,29,18,7,8,2016
105,4,4,11,9,8,63,52,26,27,15,18,17,23,18,15,18,11,17,59,2016
106,16,4,9,8,17,73,70,49,40,40,32,25,21,22,9,17,13,5,6,2016
107,8,14,10,7,12,43,47,48,25,28,16,24,18,15,11,19,13,6,9,2016
110,7,10,7,13,21,123,92,57,32,32,37,29,24,15,33,16,11,9,18,2016
111,17,12,27,24,40,167,121,83,52,53,56,41,44,29,23,41,29,23,23,2016
114,30,29,35,28,57,147,167,104,87,63,71,57,52,36,36,33,21,6,28,2016
115,18,17,17,11,28,163,118,87,44,49,41,45,32,23,23,22,15,14,18,2016
116,12,9,9,20,18,129,153,72,49,45,39,47,44,27,33,38,25,16,27,2016
117,20,20,25,32,34,125,107,76,65,51,44,50,43,45,45,34,13,14,13,2016
118,26,21,30,29,32,80,81,73,52,49,65,59,60,49,57,38,22,15,15,2016
120,2,1,1,5,5,33,11,10,8,13,8,14,6,8,18,23,19,10,6,2016
121,5,2,5,4,5,11,14,10,7,8,3,6,5,5,2,2,2,1,2,2016
122,5,9,9,8,17,37,41,26,16,23,23,25,21,11,11,12,6,10,3,2016
123,1,0,0,1,1,3,2,1,2,2,1,0,2,0,0,0,0,0,0,2016
124,1,3,1,2,1,6,4,4,3,2,3,2,5,2,1,4,9,2,0,2016
130,14,10,10,11,19,133,157,78,45,34,30,26,21,22,18,6,5,6,20,2016
131,35,27,30,44,55,277,190,134,74,73,62,65,58,57,48,46,34,19,46,2016
132,22,15,21,17,26,83,73,74,46,44,38,34,21,24,17,21,36,36,31,2016
133,14,14,9,28,43,40,42,33,42,47,60,75,88,56,55,45,32,18,17,2016
134,1,3,0,3,6,11,9,3,3,1,4,4,1,4,1,2,0,0,0,2016
140,31,28,38,34,69,80,69,80,62,73,96,102,75,35,43,54,50,32,33,2016
150,19,22,24,37,33,58,65,57,51,62,62,49,33,24,28,29,20,16,12,2016
151,2,1,2,2,37,88,86,51,51,23,25,16,19,6,3,7,4,1,0,2016
152,8,6,14,24,15,8,30,23,21,30,26,28,34,14,22,18,8,8,4,2016
153,16,12,14,9,12,21,37,43,35,17,24,28,17,16,7,3,4,0,0,2016
200,26,15,22,33,45,81,77,69,49,67,56,55,68,54,60,50,37,22,19,2016
201,21,13,7,24,35,71,54,61,28,46,55,71,50,48,55,43,24,25,32,2016
202,11,12,11,15,18,43,30,48,29,43,26,40,27,16,24,20,20,19,19,2016
203,14,23,20,26,29,40,42,47,35,28,55,72,43,59,47,60,49,47,38,2016
210,13,16,25,13,21,52,53,50,26,53,41,35,48,46,44,51,20,13,10,2016
211,23,34,30,46,58,214,159,110,76,59,86,78,72,69,60,52,27,30,30,2016
212,10,20,18,20,15,50,68,37,25,27,40,43,36,32,25,28,23,10,12,2016
213,15,19,22,35,41,37,39,35,42,40,72,64,51,41,53,54,52,27,16,2016
214,28,26,29,37,43,128,106,103,86,61,62,55,41,48,62,36,35,17,16,2016
215,19,23,19,27,33,119,109,82,51,61,51,62,57,32,42,42,21,18,25,2016
220,22,24,25,43,50,71,50,54,42,52,54,87,65,71,58,43,27,19,12,2016
221,8,11,19,27,24,47,40,49,30,29,52,67,55,40,50,43,36,15,25,2016
222,6,11,19,17,24,22,28,24,24,26,39,44,39,31,42,33,22,16,11,2016
223,14,10,9,19,22,39,44,43,31,28,44,37,35,33,31,26,29,35,64,2016
224,8,6,4,16,20,31,31,31,27,26,32,35,40,19,36,16,26,35,28,2016
230,25,18,23,28,46,110,113,92,76,67,57,99,72,54,61,54,47,42,36,2016
231,31,37,83,122,109,91,89,87,113,143,121,87,67,44,40,40,34,28,70,2016
232,13,9,16,21,69,136,148,96,67,72,75,45,31,33,30,34,16,16,10,2016
240,17,11,20,23,25,99,103,84,45,54,52,55,60,43,42,33,37,22,47,2016
241,36,28,24,34,62,122,132,102,81,71,82,79,85,41,58,56,64,39,58,2016
242,12,13,13,15,25,49,65,48,29,46,56,55,42,55,46,34,31,12,16,2016
243,7,3,7,9,15,56,36,36,16,17,16,10,13,14,2,8,5,1,2,2016
244,23,17,27,32,37,97,95,92,74,58,95,88,60,54,70,43,28,15,7,2016
245,28,26,34,36,51,96,104,102,84,97,92,93,70,60,51,36,21,17,16,2016
246,31,30,22,40,20,57,59,74,48,36,56,44,43,42,59,23,31,12,12,2016
250,27,28,54,51,47,109,114,77,70,73,72,94,77,63,84,86,51,24,23,2016
251,11,9,15,12,25,24,37,34,30,23,31,32,20,26,31,40,45,34,27,2016
252,26,21,28,44,32,30,39,42,30,44,47,39,47,36,46,45,33,19,18,2016
253,23,19,25,24,34,52,52,40,28,34,51,66,62,33,33,22,16,39,33,2016
254,17,14,17,47,43,57,50,43,41,35,69,87,75,53,48,62,58,53,24,2016
255,25,34,51,95,104,83,75,85,87,85,110,123,106,71,127,171,146,91,44,2016
256,37,84,69,78,88,114,134,139,112,87,106,77,72,66,59,48,54,38,22,2016
260,10,13,14,27,12,17,26,28,17,26,43,38,23,24,51,58,36,13,6,2016
261,9,9,30,40,49,64,35,41,39,48,71,68,59,39,69,92,65,34,38,2016
262,24,11,22,37,30,56,41,45,33,39,55,46,37,33,28,51,48,43,26,2016
263,68,90,181,228,237,162,131,184,216,249,243,197,153,113,159,163,106,70,79,2016
300,29,30,29,53,47,113,110,103,82,67,98,90,76,75,67,44,55,41,99,2016
301,24,13,33,32,49,128,160,124,90,69,96,101,82,74,65,46,43,23,37,2016
302,26,21,29,46,38,123,128,89,75,48,69,57,62,45,37,45,35,21,29,2016
303,33,30,26,35,53,115,120,111,80,68,77,99,95,46,53,49,41,27,33,2016
304,15,17,33,39,58,89,109,96,75,48,93,76,55,45,37,45,39,29,20,2016
305,15,11,13,22,28,32,33,54,34,33,35,54,34,26,18,34,17,10,17,2016
306,2,1,3,2,12,6,5,5,4,9,12,6,7,3,11,13,1,3,5,2016
310,29,21,37,45,56,36,35,44,46,48,67,70,60,43,36,17,23,13,18,2016
311,7,5,9,8,13,9,14,15,13,13,14,15,12,6,6,1,9,4,0,2016
320,54,41,33,59,123,454,303,168,131,102,124,117,96,83,68,44,30,20,11,2016
321,26,20,19,23,39,260,224,117,95,60,56,62,56,28,39,22,32,18,17,2016
322,59,45,78,91,122,411,329,233,153,157,151,175,141,135,124,139,125,69,73,2016
323,2,0,1,3,2,22,18,22,14,8,9,10,10,2,5,3,1,1,0,2016
330,26,17,24,29,41,186,156,99,70,46,48,43,45,41,42,34,23,15,14,2016
331,5,6,10,12,13,25,31,27,22,16,28,24,19,18,20,20,18,7,11,2016
332,27,14,11,17,42,110,150,92,85,57,78,49,64,71,37,33,20,11,5,2016
333,65,61,79,110,110,175,199,231,174,194,185,165,130,108,100,76,60,29,27,2016
334,31,27,25,22,60,190,174,103,95,81,64,88,64,33,34,31,28,16,18,2016
335,70,50,61,67,78,251,261,202,178,184,128,160,125,117,110,99,70,30,20,2016
336,4,4,5,13,27,136,116,43,19,23,22,17,24,11,20,10,10,14,10,2016
337,0,1,1,0,2,0,1,0,1,3,0,4,1,0,0,0,0,0,2,2016
338,1,1,0,0,0,1,0,0,2,2,0,0,1,1,0,0,0,1,1,2016
339,0,0,0,0,4,2,3,0,0,1,1,1,2,2,5,1,0,0,1,2016
340,16,19,26,41,45,102,79,41,53,48,37,40,47,47,37,21,14,8,3,2016
341,55,83,145,196,179,225,202,193,179,227,218,218,157,119,95,101,92,62,93,2016
342,10,6,13,11,16,20,20,24,14,22,29,37,27,10,20,31,25,13,5,2016
343,10,9,9,14,24,71,80,62,30,32,45,43,48,26,25,14,14,12,7,2016
344,4,5,9,5,13,22,26,26,13,13,20,22,27,18,14,19,15,7,11,2016
345,19,10,15,16,29,72,70,49,31,30,24,27,30,19,31,24,11,6,3,2016
350,35,26,32,36,49,64,82,86,92,84,91,79,68,49,61,75,65,46,51,2016
351,14,11,17,14,18,28,45,39,41,31,34,27,32,16,15,26,20,11,13,2016
352,9,7,15,10,17,22,29,25,31,17,30,26,22,19,7,21,17,8,8,2016
353,11,5,11,23,27,25,25,31,28,28,40,40,36,23,32,33,34,14,16,2016
354,18,16,18,26,36,38,39,37,59,43,55,49,31,19,41,38,35,10,15,2016
355,8,6,11,16,20,26,34,22,14,24,29,22,20,13,12,22,12,8,5,2016
356,17,14,28,26,30,45,41,43,51,44,34,55,40,45,45,47,35,17,18,2016
357,21,22,28,61,67,69,76,60,45,52,92,168,174,106,76,39,23,14,4,2016
360,47,43,55,64,73,118,123,158,134,96,132,134,120,96,97,84,57,12,14,2016
361,0,0,0,0,0,0,0,1,0,0,0,0,0,0,0,0,0,0,0,2016
400,26,24,29,29,37,46,65,74,50,48,61,69,56,26,45,30,28,15,26,2016
401,19,16,16,24,22,25,46,51,52,39,46,29,25,13,21,14,12,4,18,2016
402,20,11,20,18,20,50,50,77,53,49,52,47,28,40,30,25,26,13,9,2016
403,9,12,12,12,23,44,41,26,24,24,29,35,21,32,25,22,14,13,14,2016
404,4,6,11,9,18,12,15,12,15,14,31,22,15,15,10,9,11,3,5,2016
410,4,7,4,8,9,8,6,5,7,10,17,18,10,2,5,7,9,4,2,2016
420,25,12,16,23,23,81,76,59,51,39,20,33,21,23,14,9,6,6,3,2016
430,2,6,9,14,13,28,24,21,22,20,32,17,25,22,24,31,26,17,12,2016
431,45,46,60,97,99,107,90,91,89,107,112,113,121,129,132,147,98,48,42,2016
500,13,24,24,29,33,36,38,45,35,57,59,63,24,27,21,17,11,9,2,2016
501,18,6,12,14,22,19,29,30,28,18,33,14,13,11,6,7,9,4,6,2016
502,7,5,3,9,4,6,12,13,13,9,6,5,11,3,10,8,4,2,3,2016
510,20,21,53,35,34,62,77,88,75,81,84,72,53,46,41,17,23,12,7,2016
511,22,25,29,35,40,71,54,54,51,47,74,63,29,39,47,79,66,48,40,2016
512,29,22,30,50,65,87,83,64,57,52,77,89,62,59,36,31,32,22,15,2016
513,18,17,33,62,56,40,49,34,46,59,62,68,42,29,30,16,18,13,21,2016
514,9,7,19,29,52,53,32,29,30,59,81,71,58,38,50,42,20,12,20,2016
520,13,14,24,14,58,139,145,64,56,36,20,18,8,4,4,1,1,0,2,2016
521,1,0,0,1,9,17,26,4,7,8,5,7,3,4,1,3,2,1,1,2016
522,0,0,0,0,0,1,0,2,2,2,3,0,2,1,0,0,0,0,0,2016
600,5,5,6,3,10,21,11,21,17,13,7,11,18,9,9,8,6,4,4,2016
601,12,14,26,29,30,36,24,32,37,45,52,54,45,29,33,33,25,13,6,2016
602,20,16,24,34,33,27,40,47,34,25,40,51,32,25,28,40,25,23,16,2016
603,2,1,0,7,11,17,13,10,11,10,7,22,12,8,8,10,6,4,4,2016
604,6,6,6,6,3,2,9,14,13,14,19,13,19,16,18,31,30,9,6,2016
605,0,0,0,0,1,1,1,0,1,1,2,0,0,1,1,1,0,0,1,2016
610,23,24,24,24,31,38,40,35,49,41,47,40,52,45,45,48,39,21,25,2016
611,14,12,20,23,39,30,28,27,45,46,74,62,41,34,25,28,15,5,7,2016
612,40,31,55,33,41,51,70,87,88,93,102,82,53,52,36,47,37,26,27,2016
620,6,4,7,9,23,53,43,32,23,24,31,29,15,18,14,13,11,7,4,2016
621,21,16,19,26,36,47,48,58,54,43,59,48,42,20,28,25,14,5,6,2016
622,26,22,28,34,47,81,75,72,57,69,78,70,55,57,45,48,27,10,9,2016
630,48,43,51,53,87,74,99,88,87,76,88,94,92,62,90,76,98,36,48,2016
631,8,7,20,33,45,36,25,20,28,39,59,42,29,75,132,104,85,49,58,2016
632,17,17,24,37,32,39,43,33,55,68,61,55,44,41,39,44,45,36,31,2016
633,35,33,58,66,48,49,51,67,57,72,78,78,64,55,104,138,91,36,12,2016
634,18,18,21,40,30,18,27,35,42,32,35,29,35,78,96,46,19,6,2,2016
700,17,12,31,27,34,19,31,33,20,41,52,33,27,43,31,34,27,12,22,2016
800,20,13,23,32,38,32,41,29,32,38,43,47,49,27,34,44,28,16,18,2016
801,36,33,46,71,71,67,64,54,79,83,116,101,79,50,43,49,34,19,19,2016
802,18,16,18,28,20,28,33,42,48,39,42,58,40,43,63,64,56,22,20,2016
0,7,4,6,6,14,39,34,23,29,26,13,30,26,18,16,14,11,13,1,2015
1,13,17,14,20,37,208,152,90,51,43,45,43,42,38,29,28,29,19,13,2015
10,5,5,4,3,12,58,50,34,19,29,26,19,25,18,14,21,9,8,7,2015
11,20,11,16,25,59,137,135,93,59,55,65,60,43,46,33,22,12,8,5,2015
12,25,20,24,22,32,151,129,96,73,70,63,78,46,47,52,59,33,15,19,2015
13,7,12,10,14,16,49,43,31,23,25,34,27,19,26,24,30,20,25,87,2015
14,13,9,13,12,21,71,73,40,36,39,29,36,24,28,18,20,5,5,2,2015
15,12,11,13,15,12,30,42,26,32,36,37,14,11,13,23,12,15,3,8,2015
20,4,6,8,2,14,83,72,41,43,28,26,25,12,16,12,10,2,8,9,2015
21,20,22,10,14,36,215,169,95,41,36,54,47,47,35,32,34,31,31,62,2015
30,13,14,14,23,34,171,155,89,54,48,54,45,51,31,31,23,33,16,16,2015
31,14,3,9,16,27,133,129,69,34,25,28,17,14,16,3,9,3,3,3,2015
32,16,3,14,16,15,114,84,60,44,36,32,29,27,28,26,36,27,21,37,2015
33,3,3,2,0,15,84,30,13,9,3,3,2,4,2,3,5,2,2,0,2015
40,6,0,7,9,17,72,81,28,11,20,23,17,10,15,14,17,3,4,8,2015
41,18,15,12,7,42,253,217,112,66,48,48,39,46,37,33,22,14,13,14,2015
50,14,16,7,10,10,28,43,34,20,17,21,19,29,11,14,6,8,5,3,2015
51,22,20,18,27,44,161,144,85,66,67,57,47,45,52,40,34,18,6,8,2015
52,16,5,17,15,28,73,76,53,37,33,38,27,29,38,26,23,16,8,3,2015
53,6,4,18,17,33,91,84,41,33,53,69,47,27,10,14,34,28,17,8,2015
60,17,17,19,18,15,57,74,42,38,45,47,41,41,41,38,37,25,16,14,2015
61,11,9,17,11,21,65,72,61,38,41,29,29,32,22,27,27,19,9,11,2015
70,13,19,22,29,30,65,70,46,53,51,63,51,43,32,31,39,23,17,23,2015
71,23,23,29,44,35,47,51,57,51,52,62,57,37,29,24,37,36,19,19,2015
72,43,28,38,51,52,105,95,90,92,81,107,96,78,57,74,58,35,32,25,2015
73,18,11,16,14,22,40,54,38,34,36,39,39,55,35,26,30,19,15,14,2015
74,14,18,19,34,40,72,60,75,46,50,76,79,41,40,41,36,13,19,25,2015
75,6,10,12,12,25,27,35,22,26,30,29,42,45,24,35,42,66,78,208,2015
80,39,48,59,75,79,93,67,81,87,79,131,148,120,95,72,79,44,21,12,2015
81,11,12,12,17,18,15,23,16,21,25,28,26,27,17,21,21,15,6,11,2015
100,20,16,17,15,41,166,135,86,49,36,34,29,46,37,22,22,17,9,19,2015
101,7,4,9,5,19,100,111,70,49,56,49,49,35,32,24,20,8,2,14,2015
102,25,16,9,23,30,166,141,94,89,58,67,63,46,44,36,40,24,9,14,2015
103,5,5,16,10,14,29,34,22,29,35,18,14,10,3,9,7,3,5,1,2015
104,17,17,19,19,24,124,113,69,52,32,50,34,36,43,25,31,12,8,10,2015
105,3,5,7,7,15,54,42,29,32,14,19,17,23,11,17,20,13,15,68,2015
106,9,9,7,8,16,54,69,43,46,34,33,24,23,22,8,20,12,5,7,2015
107,8,11,11,9,12,44,49,36,30,25,14,24,15,15,11,19,12,8,10,2015
110,11,10,8,13,16,86,86,46,31,36,36,33,23,14,35,18,8,10,16,2015
111,22,18,24,22,40,143,118,85,56,49,62,40,41,30,27,39,29,19,25,2015
114,34,26,35,31,37,165,169,106,86,59,68,58,54,30,35,37,15,12,26,2015
115,13,15,14,18,39,168,118,73,42,46,50,42,34,20,24,27,11,15,19,2015
116,10,11,10,17,24,134,126,81,39,43,46,47,39,31,32,39,21,21,28,2015
117,19,13,24,29,35,118,101,78,61,43,49,49,46,51,46,33,12,14,12,2015
118,18,19,29,32,35,78,81,76,51,48,60,67,61,45,55,41,17,13,16,2015
120,1,1,2,5,10,28,15,7,5,14,11,11,4,8,19,26,17,9,6,2015
121,2,2,4,6,4,7,8,17,3,7,7,6,8,2,4,2,3,0,2,2015
122,5,8,8,11,16,35,39,21,17,23,28,26,17,8,11,10,12,7,3,2015
123,1,0,0,1,0,0,4,1,2,2,2,2,1,0,0,0,0,0,0,2015
124,1,2,1,3,0,1,1,3,1,4,8,4,1,3,2,5,8,2,0,2015
130,22,6,14,7,17,133,149,78,46,30,30,23,18,19,18,6,5,9,16,2015
131,24,27,30,44,54,252,170,134,73,76,60,74,57,61,50,49,30,21,45,2015
132,18,11,23,13,28,73,79,72,49,36,40,33,24,22,23,28,35,31,33,2015
133,11,14,9,31,42,39,43,39,44,48,67,83,86,56,53,52,24,17,17,2015
134,1,3,0,3,5,10,5,2,4,3,3,5,0,4,0,2,0,1,0,2015
140,34,33,31,42,70,81,67,80,68,71,95,115,59,36,50,54,50,30,33,2015
150,20,25,22,34,28,63,61,56,40,57,67,42,30,24,27,31,13,17,12,2015
151,0,1,2,4,29,75,60,48,32,18,22,19,14,7,6,4,5,1,0,2015
152,13,6,17,25,12,12,23,20,27,28,32,25,30,12,22,17,6,8,4,2015
153,15,10,13,11,15,25,36,44,29,23,28,26,17,14,6,5,2,0,0,2015
200,27,15,26,30,53,67,65,65,51,69,61,53,64,65,60,52,33,22,16,2015
201,21,11,13,27,30,66,63,59,37,49,57,62,60,43,55,45,20,30,31,2015
202,8,13,12,13,15,38,32,43,43,28,35,40,22,19,20,22,23,19,15,2015
203,15,18,23,33,29,42,49,47,36,36,60,74,51,54,54,73,46,45,38,2015
210,12,15,21,12,16,47,54,54,32,45,43,33,48,50,45,50,14,11,12,2015
211,33,28,32,46,57,187,137,101,63,70,92,76,74,74,49,55,22,35,25,2015
212,16,11,18,15,17,65,54,36,25,32,40,40,29,35,21,32,21,14,9,2015
213,14,22,21,40,37,36,39,35,45,37,76,61,44,47,54,66,43,23,17,2015
214,23,23,36,29,44,115,101,96,78,70,52,54,37,54,59,42,30,19,15,2015
215,16,18,22,25,34,131,103,86,47,58,54,71,53,38,41,42,20,17,25,2015
220,21,25,25,52,55,67,62,73,49,60,69,81,77,76,59,39,29,19,13,2015
221,11,15,17,30,31,44,37,45,29,37,59,69,51,43,48,54,28,21,21,2015
222,13,11,16,17,22,22,30,32,25,26,41,43,37,32,39,29,26,18,10,2015
223,17,9,12,14,22,41,46,34,26,31,46,41,32,36,35,40,37,49,116,2015
224,7,6,9,13,16,30,30,33,27,25,34,25,38,22,31,17,27,37,24,2015
230,21,18,21,36,38,121,113,86,67,67,68,91,72,49,52,58,45,43,41,2015
231,42,42,93,118,104,86,84,93,122,139,106,85,60,44,36,41,27,27,72,2015
232,10,11,17,24,26,65,69,54,52,70,63,37,32,34,28,37,17,15,9,2015
240,16,14,21,24,32,91,107,70,50,59,49,57,54,48,42,38,35,27,40,2015
241,37,29,19,34,59,131,131,101,77,75,78,80,73,44,55,59,63,38,63,2015
242,14,13,14,19,26,43,64,41,35,52,52,53,48,51,45,41,26,9,19,2015
243,5,3,8,8,19,53,41,33,18,17,11,12,15,7,3,8,5,1,1,2015
244,19,21,20,36,39,84,87,75,75,65,103,76,55,53,77,37,23,15,6,2015
245,30,36,34,36,51,103,106,106,86,103,93,93,60,55,48,42,17,21,14,2015
246,32,26,19,36,22,46,50,66,44,31,57,38,36,51,46,35,18,17,13,2015
250,20,35,54,40,49,97,118,55,70,68,75,97,74,56,98,78,48,22,21,2015
251,10,11,10,16,23,23,40,33,24,29,24,34,26,21,31,44,46,33,26,2015
252,26,20,25,39,36,33,35,39,37,50,41,41,51,31,50,47,32,19,17,2015
253,18,14,20,28,35,55,33,39,31,38,59,65,62,27,34,20,16,45,30,2015
254,20,13,25,45,33,56,45,41,44,39,75,84,66,54,54,59,62,48,24,2015
255,23,28,59,89,95,69,54,88,63,87,112,118,75,73,133,195,119,96,32,2015
256,58,88,68,72,80,124,138,157,105,85,104,63,71,68,58,46,55,37,24,2015
260,6,14,16,25,13,23,28,25,19,29,45,35,24,28,50,60,30,12,4,2015
261,10,14,27,40,50,56,47,27,38,59,71,65,53,41,78,93,65,42,34,2015
262,19,11,24,32,32,43,47,31,37,39,62,37,44,25,38,59,40,39,26,2015
263,66,116,171,247,231,161,152,205,227,257,247,183,145,129,150,161,97,72,79,2015
300,34,22,34,52,47,99,115,113,80,77,94,92,74,74,57,58,45,43,96,2015
301,22,24,32,30,50,124,132,127,100,78,96,93,82,75,58,58,39,25,42,2015
302,29,21,34,37,45,106,102,95,76,57,73,64,65,40,38,49,32,19,34,2015
303,32,28,27,33,52,115,111,99,82,66,79,99,85,57,52,55,34,28,35,2015
304,22,26,28,48,64,84,125,70,79,53,87,71,57,39,39,47,37,31,17,2015
305,14,12,14,24,29,36,32,54,41,34,40,56,31,24,22,33,17,9,14,2015
306,0,3,2,3,10,6,4,4,5,11,11,9,4,7,9,12,0,4,4,2015
310,26,21,34,42,51,35,36,42,48,53,62,65,65,39,34,22,16,12,21,2015
311,5,6,8,4,10,10,12,16,10,9,17,14,8,6,6,4,7,3,1,2015
320,52,30,29,63,125,424,253,152,128,98,119,121,101,75,70,45,30,19,11,2015
321,31,15,17,23,42,251,202,122,82,57,58,63,46,25,40,30,26,18,18,2015
322,56,42,82,88,132,371,299,208,150,152,164,166,144,126,140,149,107,72,71,2015
323,2,0,3,0,6,20,19,8,14,9,7,9,6,2,6,4,1,0,0,2015
330,28,18,27,30,36,179,148,103,68,47,50,41,42,44,41,33,20,13,13,2015
331,4,8,7,16,14,22,26,21,12,19,29,25,19,20,21,19,15,7,11,2015
332,22,10,10,18,35,123,143,90,85,57,77,48,72,68,37,32,18,12,8,2015
333,55,59,90,103,112,186,208,214,172,181,196,157,126,107,86,87,51,22,29,2015
334,35,24,24,23,53,178,168,110,100,75,78,91,62,30,31,39,26,21,10,2015
335,80,44,57,64,84,256,213,207,171,178,160,142,127,104,114,101,55,28,22,2015
336,7,6,8,10,25,145,91,31,18,19,23,21,21,16,16,13,10,11,8,2015
337,0,1,1,0,2,0,1,1,3,1,1,4,0,0,0,0,0,1,1,2015
338,1,1,0,0,1,0,0,1,1,2,0,0,2,0,0,0,1,0,1,2015
339,0,0,0,0,4,3,2,0,0,1,1,2,2,2,5,1,0,0,1,2015
340,12,18,26,42,50,92,72,42,57,39,43,42,49,39,38,21,14,6,3,2015
341,66,87,143,184,180,207,189,181,190,218,237,204,159,126,82,120,76,57,85,2015
342,10,6,14,13,13,20,27,24,12,18,31,38,23,12,18,37,24,12,3,2015
343,9,9,11,9,27,64,73,57,34,31,48,50,41,26,25,14,14,13,8,2015
344,4,4,9,5,15,19,27,19,12,16,21,22,29,14,17,23,7,8,11,2015
345,5,5,11,6,29,49,63,27,33,22,21,31,25,21,25,22,10,7,6,2015
350,33,25,32,37,46,61,76,81,96,87,88,79,67,53,62,77,59,48,49,2015
351,15,10,18,12,12,32,55,36,36,35,33,35,26,21,12,26,22,11,12,2015
352,11,7,13,10,17,28,31,26,32,23,26,29,15,22,5,25,14,10,5,2015
353,12,5,13,21,24,23,28,33,25,34,39,38,31,31,30,33,29,20,13,2015
354,14,13,22,27,33,37,36,39,50,45,54,39,27,29,40,37,28,16,12,2015
355,9,7,11,18,22,29,26,24,14,24,27,19,20,14,10,22,9,8,5,2015
356,9,21,29,22,34,43,38,36,54,40,42,51,46,41,46,51,26,19,17,2015
357,15,22,33,54,75,76,91,50,47,47,116,174,177,93,66,42,17,14,3,2015
360,45,44,35,66,83,98,113,148,113,108,121,130,112,93,103,83,45,9,15,2015
361,0,0,0,0,0,0,0,1,0,0,0,0,0,0,0,0,0,0,0,2015
400,23,27,33,30,38,45,54,69,57,58,57,67,50,27,40,30,23,16,22,2015
401,17,13,16,19,25,17,46,53,43,39,42,23,27,15,23,21,6,7,17,2015
402,24,10,24,15,25,39,65,72,46,54,56,42,35,38,26,28,24,11,9,2015
403,8,9,10,17,22,44,27,31,22,25,32,31,32,28,26,23,13,13,13,2015
404,4,10,10,10,18,10,11,14,15,14,28,20,19,15,8,10,10,2,8,2015
410,5,5,7,7,10,7,8,6,6,13,19,12,11,1,6,7,8,5,3,2015
420,23,9,20,22,24,61,76,67,49,34,19,33,20,21,13,10,5,7,2,2015
430,3,8,10,18,16,35,22,21,22,16,33,26,19,28,19,39,20,20,11,2015
431,39,43,57,93,93,112,75,97,88,111,123,98,127,131,133,160,83,48,33,2015
500,15,23,30,25,36,39,35,44,37,60,56,57,27,21,20,14,10,7,3,2015
501,8,5,13,10,21,15,27,26,17,19,27,11,14,8,4,8,8,5,5,2015
502,3,4,4,6,5,6,12,15,9,9,6,5,11,2,10,6,4,2,4,2015
510,20,20,38,28,38,53,78,76,68,78,80,70,45,49,36,24,21,10,7,2015
511,21,25,31,34,37,66,59,50,50,45,79,49,29,40,47,84,60,48,41,2015
512,16,17,35,43,61,89,75,55,49,60,80,77,67,64,26,38,30,23,22,2015
513,20,17,47,65,51,46,45,35,50,58,75,58,38,31,26,21,15,18,16,2015
514,8,4,18,28,55,48,21,30,39,58,77,71,50,43,44,39,21,14,22,2015
520,3,5,7,6,11,78,77,22,28,9,11,10,11,4,4,2,0,2,0,2015
521,1,0,0,3,3,0,4,0,5,7,3,8,3,4,2,4,1,1,1,2015
522,0,0,0,0,0,1,0,3,1,2,3,1,1,2,1,0,0,0,0,2015
600,4,5,4,4,10,17,11,16,12,12,9,12,15,7,9,11,4,6,4,2015
601,15,16,31,23,35,31,24,37,42,43,53,47,44,34,33,33,22,12,6,2015
602,19,17,24,37,32,32,45,45,34,33,42,48,29,26,30,41,25,23,16,2015
603,3,2,1,7,13,11,20,8,13,7,10,22,7,8,8,14,4,3,3,2015
604,2,4,6,3,3,4,8,9,10,13,18,11,21,14,20,41,19,10,5,2015
605,0,0,0,0,1,1,0,0,0,0,2,0,0,1,1,1,0,0,1,2015
610,19,22,25,19,33,37,25,39,42,40,45,42,52,36,47,50,39,16,27,2015
611,15,15,21,23,36,26,17,35,39,56,75,53,36,32,27,29,9,6,5,2015
612,42,28,48,31,40,48,70,80,85,90,93,66,60,48,34,55,28,25,25,2015
620,7,5,4,12,13,21,18,23,27,23,29,29,14,16,15,15,10,5,3,2015
621,16,24,15,38,28,46,44,61,54,43,58,59,38,18,23,24,13,4,9,2015
622,23,17,27,38,46,88,68,69,62,69,82,71,48,60,43,47,25,6,9,2015
630,51,38,42,55,76,83,99,100,79,74,97,83,85,69,82,95,83,47,46,2015
631,6,11,18,31,43,32,28,21,30,40,50,41,29,87,118,104,55,21,5,2015
632,18,15,24,29,32,46,32,46,48,68,54,54,47,36,35,50,38,36,33,2015
633,29,35,55,59,43,54,48,62,52,68,81,75,71,50,114,145,73,39,13,2015
634,14,20,19,38,29,16,28,37,42,30,36,28,43,88,81,42,19,7,2,2015
700,18,14,33,30,28,20,28,31,21,49,41,30,29,38,38,34,23,12,24,2015
800,12,15,22,33,30,30,36,36,34,33,41,44,42,28,29,48,25,16,15,2015
801,32,30,55,75,68,63,68,53,62,101,115,97,75,44,48,51,31,19,21,2015
802,21,15,21,26,21,28,37,45,45,39,44,55,32,44,71,61,47,26,18,2015
0,5,5,3,7,14,32,33,23,25,22,22,27,24,19,14,14,12,12,1,2014
1,18,14,17,16,39,197,152,79,55,41,45,43,41,34,26,30,27,13,16,2014
10,3,4,5,3,7,46,44,37,19,25,24,23,24,18,15,25,7,8,7,2014
11,19,10,14,34,48,136,127,88,59,58,72,61,34,47,34,18,14,7,5,2014
12,27,16,25,21,39,139,120,84,79,68,66,74,42,49,53,53,32,12,19,2014
13,6,9,11,11,17,53,37,31,26,31,29,25,22,32,21,27,18,29,81,2014
14,9,12,12,7,25,72,41,49,29,36,23,35,25,27,18,21,4,6,3,2014
15,12,9,15,15,14,27,35,31,24,42,32,14,13,18,20,13,13,4,9,2014
20,7,7,6,5,15,86,50,34,52,26,28,25,13,12,10,9,4,10,8,2014
21,19,11,8,15,30,199,142,93,34,48,50,48,51,34,35,42,28,25,65,2014
30,16,13,19,22,44,150,143,88,47,55,53,48,47,32,28,29,28,13,18,2014
31,10,4,9,15,26,143,105,68,30,20,24,19,10,18,4,8,2,4,3,2014
32,13,5,18,11,18,101,87,52,43,34,40,30,28,30,25,36,20,20,46,2014
33,0,4,1,0,15,79,38,8,4,2,4,2,3,1,4,5,2,2,0,2014
40,3,2,6,10,13,72,68,24,12,26,21,16,12,14,12,21,6,1,8,2014
41,26,13,15,6,40,228,180,106,61,47,42,42,45,38,31,23,13,11,13,2014
50,19,12,6,7,12,23,39,18,23,18,17,22,24,11,12,7,6,4,5,2014
51,27,14,20,28,48,156,116,86,70,68,62,54,45,48,47,27,18,8,5,2014
52,13,10,12,15,26,70,71,60,38,39,33,27,37,31,25,28,14,7,3,2014
53,5,6,19,12,42,82,84,46,39,43,59,44,23,7,16,41,21,13,7,2014
60,14,20,18,15,18,63,70,42,30,46,46,42,41,30,42,34,20,14,16,2014
61,20,10,15,13,16,81,65,54,41,37,26,30,30,22,24,26,15,10,9,2014
70,14,23,18,32,34,66,57,54,48,51,71,47,40,33,31,38,25,15,24,2014
71,18,24,28,35,30,56,46,40,54,57,59,57,33,31,29,38,36,18,17,2014
72,28,31,36,56,57,97,96,87,96,78,119,90,71,60,77,55,33,27,29,2014
73,14,10,13,13,29,44,51,40,29,41,39,38,51,33,28,31,20,13,14,2014
74,14,15,19,36,41,68,72,59,49,55,76,70,46,48,39,35,11,22,27,2014
75,7,8,14,14,27,26,32,13,25,38,33,43,36,26,37,46,68,76,213,2014
80,26,24,44,62,76,73,53,60,60,77,131,129,104,88,58,81,32,24,13,2014
81,13,12,10,22,24,15,26,17,22,32,34,34,25,18,25,23,15,7,14,2014
100,22,16,11,10,46,152,124,81,49,30,41,34,52,34,25,22,16,7,18,2014
101,3,7,10,3,18,92,110,62,46,52,46,41,33,27,25,18,8,2,15,2014
102,27,12,13,22,34,162,136,104,75,53,66,53,54,40,36,39,21,7,18,2014
103,1,10,11,8,19,35,30,28,36,31,20,16,4,7,7,5,4,4,1,2014
104,16,13,18,21,26,114,95,66,50,37,52,30,35,38,28,34,11,8,11,2014
105,5,6,6,12,10,46,53,18,27,13,20,20,14,14,15,21,13,20,61,2014
106,9,6,5,9,16,56,60,43,45,33,26,23,22,20,9,21,7,5,7,2014
107,10,8,9,9,13,45,62,32,26,22,19,22,15,14,12,20,11,7,11,2014
110,8,8,10,13,15,70,81,49,25,40,36,28,21,17,33,16,7,11,14,2014
111,15,17,29,13,44,128,108,85,48,51,60,41,43,25,27,43,22,25,23,2014
114,30,27,28,31,40,131,152,113,76,64,70,47,58,34,33,31,14,18,26,2014
115,15,9,15,17,33,149,97,83,45,47,44,37,33,18,26,21,12,16,19,2014
116,13,10,16,11,21,135,120,78,36,45,44,46,41,32,30,41,23,21,26,2014
117,17,15,27,26,32,98,90,70,50,37,48,55,43,51,45,31,13,14,15,2014
118,15,29,32,28,29,79,85,69,62,47,64,61,60,42,59,35,16,9,23,2014
120,1,0,2,6,3,8,7,8,8,13,14,9,3,10,17,26,17,10,5,2014
121,3,4,4,5,3,7,14,16,9,4,9,4,5,4,2,5,2,1,4,2014
122,9,10,7,10,22,30,38,21,18,29,27,25,17,6,9,16,11,6,3,2014
123,0,0,0,1,0,0,4,1,1,2,1,1,1,0,0,0,0,0,0,2014
124,3,0,1,2,0,1,0,3,1,5,5,3,1,1,3,8,6,0,0,2014
130,17,4,12,8,26,129,132,69,35,33,24,19,18,20,11,5,6,9,19,2014
131,24,35,39,38,50,227,158,135,74,74,72,75,54,59,54,51,22,28,50,2014
132,18,13,15,14,26,76,74,61,46,39,39,30,25,21,25,35,33,33,28,2014
133,9,11,12,33,40,45,50,44,47,59,62,96,79,48,57,51,21,18,15,2014
134,2,1,1,4,2,6,2,2,5,3,4,3,1,2,1,1,0,1,1,2014
140,31,34,37,49,75,72,72,79,72,73,92,109,53,40,54,59,38,33,31,2014
150,19,19,26,31,31,60,53,56,46,63,51,45,26,27,29,26,13,17,13,2014
151,0,1,2,4,25,46,46,45,29,24,24,20,17,5,10,7,2,1,0,2014
152,6,8,19,22,11,16,23,21,30,29,34,25,26,14,23,18,4,7,5,2014
153,18,10,15,9,12,32,41,40,32,19,32,26,19,11,5,5,1,0,1,2014
200,23,18,31,25,50,59,60,61,60,72,69,50,67,61,64,50,24,21,16,2014
201,24,8,12,28,40,66,61,52,41,55,54,51,65,45,57,43,14,33,29,2014
202,11,16,10,11,17,31,38,38,35,33,38,36,19,21,25,23,24,16,15,2014
203,20,22,27,32,45,44,43,49,28,48,65,69,56,51,52,83,42,43,38,2014
210,11,20,16,15,12,46,52,42,48,42,47,31,53,48,46,48,14,13,9,2014
211,32,19,39,40,57,145,129,86,59,75,73,85,70,72,58,50,22,36,31,2014
212,21,10,20,17,23,58,53,30,29,31,42,35,33,34,25,32,19,15,7,2014
213,18,22,19,42,32,42,38,38,47,47,72,56,46,40,61,72,35,20,15,2014
214,23,22,32,33,40,105,96,89,80,68,51,52,34,65,47,45,29,17,18,2014
215,15,18,17,25,36,123,108,74,51,59,55,68,46,44,41,40,17,21,23,2014
220,23,18,27,54,55,86,55,74,57,67,81,77,81,72,52,44,29,16,12,2014
221,10,17,23,31,38,40,43,43,28,46,60,66,45,46,56,53,22,24,23,2014
222,15,11,17,26,21,23,31,24,27,30,45,38,35,34,38,32,18,16,8,2014
223,15,10,10,17,20,44,40,34,25,35,40,46,27,35,33,35,30,46,125,2014
224,10,6,14,12,13,32,27,33,30,27,32,24,34,22,29,20,31,36,21,2014
230,29,13,18,39,44,119,104,83,71,69,81,94,64,45,55,59,46,46,39,2014
231,41,48,113,108,98,89,87,118,125,135,106,79,49,44,42,40,21,30,62,2014
232,14,10,15,28,24,63,60,59,64,66,53,39,31,31,34,36,14,11,9,2014
240,16,14,20,23,36,92,94,67,50,53,51,54,56,46,33,42,36,29,39,2014
241,39,18,18,40,52,117,128,96,76,83,78,77,71,48,62,58,58,37,61,2014
242,17,18,15,18,25,51,49,55,40,57,54,50,53,58,39,46,22,9,18,2014
243,4,5,5,7,18,46,36,27,15,16,9,12,6,6,5,9,4,1,1,2014
244,25,17,26,32,41,86,78,86,68,81,101,66,60,66,69,32,22,13,7,2014
245,30,36,29,40,53,86,93,103,98,104,92,83,67,44,50,44,13,22,13,2014
246,24,12,20,19,18,42,31,48,24,27,37,31,27,41,36,35,15,15,12,2014
250,16,32,56,39,55,108,96,54,69,67,87,95,66,70,89,79,39,22,20,2014
251,8,14,13,12,23,19,38,32,25,31,28,29,26,26,30,47,50,28,29,2014
252,20,22,27,37,33,35,31,38,43,46,45,50,36,35,51,54,26,20,21,2014
253,16,21,19,35,31,46,35,40,34,41,63,71,55,29,25,22,29,41,33,2014
254,17,21,33,47,39,54,41,47,41,42,86,77,57,47,57,63,62,46,25,2014
255,19,34,57,81,86,68,50,82,56,85,121,116,69,82,132,220,104,85,33,2014
256,73,73,71,70,81,116,130,147,94,95,104,63,68,67,55,48,51,32,23,2014
260,9,15,12,23,14,27,25,21,20,30,44,34,22,35,48,62,24,12,4,2014
261,9,19,30,43,45,56,39,29,44,60,74,60,47,43,86,102,55,44,32,2014
262,17,16,24,28,37,47,41,31,43,40,62,32,40,31,33,70,38,36,27,2014
263,75,134,178,238,219,158,155,213,235,259,247,163,134,135,184,137,74,60,78,2014
300,33,24,33,52,50,88,106,98,73,88,84,98,69,71,52,63,39,47,90,2014
301,14,24,33,33,47,125,129,110,90,80,108,88,74,78,62,60,36,23,40,2014
302,20,30,39,35,33,99,97,84,62,65,67,63,62,35,52,44,27,23,31,2014
303,30,19,27,35,53,108,106,104,79,67,94,99,77,52,55,53,32,27,32,2014
304,22,23,33,45,60,80,116,69,78,65,82,74,53,39,41,50,32,24,18,2014
305,11,13,15,17,36,30,38,43,40,29,46,46,24,23,27,27,18,9,12,2014
306,1,3,1,4,9,6,6,7,9,8,10,9,4,10,9,9,0,4,4,2014
310,23,24,33,46,46,36,33,48,47,56,67,64,58,36,25,24,12,15,21,2014
311,6,5,7,3,11,13,14,13,7,10,19,11,10,5,4,6,6,4,0,2014
320,45,29,37,64,121,312,217,163,122,100,125,117,99,92,59,45,28,13,15,2014
321,28,12,21,27,39,240,196,122,73,55,66,64,35,29,38,37,28,14,19,2014
322,54,51,73,91,140,326,285,210,151,167,178,165,147,119,142,157,94,73,66,2014
323,0,0,1,1,9,25,14,7,8,5,4,9,5,4,5,3,1,0,0,2014
330,18,15,22,28,34,193,129,105,60,44,48,52,34,43,41,33,17,14,13,2014
331,4,11,5,14,11,21,21,27,12,20,27,28,14,22,16,24,14,6,12,2014
332,18,11,7,18,34,114,142,89,66,70,65,54,71,66,35,35,18,9,9,2014
333,66,57,86,95,113,180,192,199,187,179,197,156,109,104,87,89,43,23,25,2014
334,34,25,23,29,46,168,152,104,99,77,83,86,51,30,31,37,23,21,11,2014
335,56,52,58,65,93,226,214,213,183,154,154,145,130,106,111,95,48,22,24,2014
336,7,3,10,9,19,152,75,32,20,16,20,27,18,19,14,12,12,16,3,2014
337,0,2,0,1,1,0,2,3,3,1,1,4,0,0,0,0,0,1,1,2014
338,1,1,0,0,1,0,0,1,3,0,0,0,2,0,0,0,1,1,0,2014
339,0,0,0,1,4,1,2,2,0,1,2,4,3,1,5,1,0,1,0,2014
340,12,17,27,49,44,68,60,38,42,44,42,44,51,38,38,22,12,7,2,2014
341,70,106,140,185,175,197,194,184,208,216,221,206,141,129,85,130,66,58,85,2014
342,8,7,13,12,11,26,20,20,14,22,31,35,19,15,21,43,24,7,2,2014
343,13,7,11,9,35,60,66,47,31,32,47,47,40,26,19,19,11,14,6,2014
344,3,5,9,4,14,25,29,14,13,16,20,23,30,14,21,17,7,10,9,2014
345,4,6,7,7,20,52,44,29,36,21,19,26,21,25,26,20,8,8,4,2014
350,32,26,30,41,40,49,80,101,107,72,93,72,65,52,64,85,55,43,45,2014
351,21,12,18,11,7,40,54,43,32,34,33,38,22,21,12,31,18,10,13,2014
352,12,6,12,13,16,32,28,32,31,25,25,29,17,17,9,27,8,11,5,2014
353,5,10,17,22,25,27,27,38,31,31,40,46,24,30,29,39,23,21,14,2014
354,12,17,27,26,31,36,27,43,53,44,50,42,21,33,38,45,18,18,9,2014
355,10,6,14,24,10,31,21,26,19,26,21,22,16,14,12,21,10,10,5,2014
356,19,22,25,28,24,45,39,41,51,51,40,48,45,42,50,58,15,18,18,2014
357,18,25,35,53,71,92,92,47,46,56,128,189,156,90,59,42,15,11,2,2014
360,50,44,31,68,69,95,130,122,104,118,114,126,114,97,92,84,31,13,12,2014
361,0,0,0,0,0,0,0,1,0,0,0,0,0,0,0,0,0,0,0,2014
400,29,24,35,27,34,50,40,72,51,61,63,54,41,38,36,30,17,17,22,2014
401,8,11,11,14,20,16,37,28,26,31,25,23,22,12,23,17,5,9,13,2014
402,24,19,23,10,30,36,63,71,42,60,56,33,32,41,24,31,25,7,8,2014
403,9,9,10,20,26,44,26,26,19,30,37,26,34,29,23,25,15,13,13,2014
404,5,8,8,9,21,9,11,14,14,17,26,23,17,13,8,11,7,4,6,2014
410,5,4,8,7,9,10,4,5,9,11,15,13,9,2,6,8,5,4,3,2014
420,19,12,13,26,22,77,70,67,41,27,27,35,16,17,15,12,3,9,5,2014
430,8,8,10,20,14,28,27,21,24,17,27,27,21,28,22,38,16,21,10,2014
431,40,37,56,91,103,102,89,88,84,116,110,116,134,129,140,167,61,46,30,2014
500,17,17,31,27,34,37,39,46,37,59,58,41,30,19,23,11,14,6,2,2014
501,3,9,17,12,17,14,28,29,17,21,23,13,13,6,6,7,8,9,3,2014
502,6,0,6,6,5,6,10,14,8,10,3,9,8,5,9,5,3,3,5,2014
510,19,30,33,24,48,58,72,85,64,69,93,59,49,45,32,33,16,13,7,2014
511,29,27,31,27,39,56,52,53,53,50,76,36,34,36,59,86,54,56,40,2014
512,19,27,38,53,67,74,74,55,48,67,87,76,70,58,28,39,33,21,30,2014
513,12,26,48,75,52,38,35,41,57,65,69,62,31,37,20,23,12,18,21,2014
514,9,10,15,39,56,55,28,26,45,63,77,65,52,42,53,31,18,15,26,2014
520,4,11,8,11,19,78,52,24,20,8,12,6,7,2,4,2,0,2,0,2014
521,1,0,0,3,2,4,4,2,6,7,1,10,3,3,3,3,1,1,2,2014
522,0,0,0,0,0,0,1,3,1,2,0,2,1,2,0,0,1,0,0,2014
600,7,3,2,1,11,12,15,22,10,7,10,12,19,4,10,7,4,6,3,2014
601,20,17,29,22,42,30,29,45,36,44,54,48,45,31,29,38,15,12,7,2014
602,23,18,26,33,31,20,49,43,34,35,49,38,28,25,32,39,27,20,17,2014
603,1,1,2,9,7,7,23,8,12,7,11,18,9,9,10,11,3,5,2,2014
604,3,8,3,4,2,6,9,10,13,13,20,9,23,14,26,41,16,7,5,2014
605,0,0,0,0,2,0,0,0,0,0,2,0,1,0,2,0,1,0,1,2014
610,23,22,24,18,31,28,26,52,40,46,40,44,51,40,46,54,38,16,27,2014
611,20,12,19,32,34,24,23,39,43,62,72,51,40,30,26,25,6,8,6,2014
612,34,31,46,34,44,50,65,77,82,90,89,61,57,43,38,49,22,23,27,2014
620,7,5,5,9,16,19,21,25,19,29,32,23,14,18,14,17,8,6,2,2014
621,10,21,16,32,33,36,45,56,52,52,66,44,41,16,23,24,12,2,12,2014
622,24,22,23,35,50,89,66,73,60,74,71,69,40,64,42,46,16,7,7,2014
630,47,31,52,51,75,82,97,91,72,76,94,79,80,75,76,115,72,50,37,2014
631,10,10,21,31,40,38,26,20,40,43,51,33,41,98,115,101,47,22,5,2014
632,18,17,22,38,41,43,35,41,57,72,61,47,43,35,37,52,37,42,32,2014
633,25,33,64,56,46,61,51,63,55,71,82,77,70,59,132,140,64,39,9,2014
634,17,19,25,33,25,24,23,41,36,40,27,31,52,96,66,42,15,7,3,2014
700,13,16,26,32,24,23,27,25,19,46,43,35,32,36,40,35,18,12,24,2014
800,15,13,22,35,25,32,40,33,33,28,50,41,34,33,35,43,21,16,13,2014
801,36,29,55,77,58,65,65,57,71,107,104,101,64,37,45,63,21,18,23,2014
802,13,17,21,24,30,23,39,38,40,38,52,52,34,50,73,64,37,23,17,2014
0,3,6,4,7,16,33,28,31,29,19,27,25,27,19,17,13,13,8,2,2013
1,14,11,19,19,39,180,136,77,66,43,47,49,44,42,25,34,24,15,14,2013
10,4,3,3,4,10,41,38,39,31,30,16,28,26,20,13,26,6,7,10,2013
11,21,12,20,39,47,127,115,89,69,70,73,54,34,48,30,19,14,6,7,2013
12,25,17,23,20,41,146,93,94,72,70,75,68,51,52,57,52,29,12,16,2013
13,8,8,13,9,17,41,46,32,21,27,31,24,21,33,29,24,20,22,84,2013
14,13,9,12,11,23,67,39,53,37,36,24,28,27,25,20,20,4,7,5,2013
15,13,8,17,14,8,27,30,34,29,42,25,14,12,21,18,13,11,3,11,2013
20,7,7,3,6,13,59,54,35,27,17,23,23,16,12,8,10,6,11,7,2013
21,15,12,9,13,33,166,148,80,44,52,50,55,47,35,38,43,25,28,67,2013
30,16,12,23,22,33,153,135,94,55,62,60,55,45,36,21,36,25,16,20,2013
31,6,9,6,15,20,150,109,54,31,21,20,18,11,17,8,7,1,5,2,2013
32,11,7,20,10,25,95,69,53,47,47,31,30,28,30,25,36,24,19,45,2013
33,2,2,1,0,18,80,36,11,4,3,3,2,4,2,4,5,2,1,0,2013
40,5,2,5,8,19,72,57,27,16,28,22,15,13,13,13,16,8,2,9,2013
41,23,10,18,9,35,214,163,91,54,59,38,47,48,35,31,23,15,13,11,2013
50,19,10,10,7,10,26,30,22,20,20,19,23,24,14,7,11,3,4,5,2013
51,25,14,23,24,47,123,107,84,88,82,57,54,47,49,38,32,12,8,7,2013
52,9,16,9,17,21,64,68,49,36,46,29,33,39,29,28,25,12,8,6,2013
53,8,5,15,18,34,75,59,41,39,49,52,34,20,9,21,44,18,10,10,2013
60,14,16,16,15,23,66,61,46,30,52,47,46,39,36,41,37,18,12,20,2013
61,15,12,17,11,15,56,66,60,70,40,33,26,32,25,28,20,15,12,7,2013
70,14,20,17,30,36,61,48,52,41,60,62,59,35,32,32,40,19,20,30,2013
71,16,22,32,32,22,46,38,48,54,57,59,49,38,28,34,37,33,19,21,2013
72,27,19,44,51,55,98,70,91,84,87,107,99,62,72,66,56,33,22,32,2013
73,12,10,13,23,28,42,43,36,27,37,49,45,40,33,29,28,24,11,11,2013
74,14,14,26,33,43,59,64,51,50,62,79,64,44,47,42,35,12,26,27,2013
75,6,7,10,17,28,23,26,19,27,37,42,42,33,23,43,48,59,82,199,2013
80,26,26,41,63,79,69,50,57,61,95,133,120,87,94,51,79,37,17,15,2013
81,11,7,10,25,23,18,23,12,22,38,31,34,27,24,24,22,14,8,12,2013
100,17,17,7,11,51,145,105,85,49,33,40,34,59,28,27,17,13,10,17,2013
101,7,9,5,4,15,93,98,51,47,49,43,32,36,26,28,16,8,4,12,2013
102,23,19,11,25,44,161,126,107,69,57,76,52,48,42,32,38,20,14,22,2013
103,3,11,11,12,13,21,21,37,32,32,19,17,5,8,5,6,5,3,2,2013
104,22,17,17,26,33,85,87,54,55,37,57,25,50,34,25,36,9,8,13,2013
105,5,4,6,6,12,47,54,20,25,10,17,21,12,21,17,16,18,20,57,2013
106,4,8,3,10,10,41,59,45,43,32,34,19,24,15,14,19,8,5,5,2013
107,11,8,7,7,13,57,55,33,28,18,26,17,17,11,15,17,12,7,13,2013
110,12,10,11,16,15,72,76,40,37,40,47,27,21,26,27,17,6,12,18,2013
111,14,19,23,17,44,110,108,78,44,50,53,40,43,29,30,41,18,26,24,2013
114,31,32,24,28,36,131,152,101,90,75,58,57,49,40,33,34,11,17,25,2013
115,20,11,15,20,41,100,105,69,54,52,49,36,37,18,28,17,11,21,18,2013
116,14,9,15,14,24,126,115,72,49,47,52,55,34,29,34,39,22,21,28,2013
117,20,16,31,21,39,86,94,73,50,41,52,58,42,52,46,24,14,12,15,2013
118,20,22,32,25,34,85,82,68,57,50,63,55,54,49,57,31,16,10,25,2013
120,1,0,3,6,3,8,7,11,7,16,11,9,4,13,23,24,13,9,4,2013
121,2,3,2,3,3,8,13,10,9,3,6,5,5,4,1,5,2,1,4,2013
122,10,6,10,13,20,28,26,25,20,32,30,25,15,9,9,12,11,6,3,2013
123,0,0,0,1,1,3,1,1,1,0,2,1,1,0,0,0,0,0,0,2013
124,2,0,1,2,1,0,0,2,2,4,6,2,2,2,2,10,4,0,0,2013
130,13,9,11,8,12,134,116,64,36,34,22,21,22,22,11,5,7,13,19,2013
131,21,24,38,35,53,207,161,120,71,81,74,78,56,53,49,52,28,32,44,2013
132,18,16,20,23,27,80,68,70,44,37,42,28,29,21,25,39,29,35,30,2013
133,13,6,18,33,44,50,53,44,48,64,76,92,73,48,60,43,26,20,13,2013
134,1,1,2,3,1,3,3,3,5,3,5,1,1,2,0,1,0,1,1,2013
140,32,31,37,62,71,75,74,82,68,85,100,104,48,48,58,55,37,28,29,2013
150,19,18,27,32,33,72,54,48,50,60,56,37,30,27,24,22,19,15,14,2013
151,1,0,3,3,15,39,49,24,26,15,27,16,7,4,7,9,1,1,0,2013
152,7,8,21,22,11,24,23,29,28,27,30,32,21,17,23,14,4,7,5,2013
153,16,12,12,6,13,31,44,42,22,26,32,17,20,10,7,3,1,0,1,2013
200,22,18,31,32,39,60,65,57,56,68,67,49,65,58,61,49,24,19,19,2013
201,20,9,17,34,38,62,58,50,38,62,59,52,59,47,59,37,21,33,29,2013
202,16,11,9,13,14,24,36,41,35,35,37,32,19,25,23,27,19,18,18,2013
203,24,16,25,35,45,49,40,54,31,51,74,59,60,46,59,81,45,41,34,2013
210,11,16,13,22,13,41,48,43,46,45,45,32,50,53,55,36,13,14,11,2013
211,31,18,37,34,61,141,127,86,57,81,73,90,62,81,55,44,30,42,28,2013
212,20,9,15,19,24,54,51,30,29,34,40,35,31,31,28,34,18,13,9,2013
213,19,18,26,37,43,34,35,34,46,54,68,56,38,50,52,74,36,16,16,2013
214,26,23,22,33,44,93,111,94,64,64,55,49,39,73,36,50,23,16,19,2013
215,20,13,22,24,45,99,102,62,56,59,66,65,43,43,44,38,18,24,21,2013
220,24,23,28,56,69,91,59,65,63,66,97,74,83,72,55,46,26,14,13,2013
221,15,14,22,35,40,43,30,43,31,49,71,61,43,52,61,45,24,25,26,2013
222,14,14,18,26,24,26,29,24,22,38,45,37,25,39,39,30,24,10,10,2013
223,9,9,11,20,27,34,39,31,25,43,40,39,30,36,28,36,36,44,122,2013
224,12,6,14,16,11,26,41,29,24,28,34,22,33,30,22,23,34,31,21,2013
230,24,14,25,35,50,98,103,79,86,71,86,92,61,49,58,62,51,42,42,2013
231,43,66,118,109,87,82,107,107,130,130,102,73,42,42,42,41,19,33,57,2013
232,14,14,17,24,23,59,65,56,60,71,52,37,33,27,37,30,16,10,8,2013
240,23,20,24,22,33,87,85,73,48,58,52,54,61,43,36,39,36,29,44,2013
241,30,19,28,37,56,108,127,76,75,77,85,78,56,54,64,60,59,39,60,2013
242,12,21,16,12,27,50,51,55,36,61,55,46,57,58,37,43,18,12,18,2013
243,1,5,9,7,13,37,28,19,18,15,12,12,9,4,6,8,2,2,1,2013
244,23,20,32,31,38,89,89,79,68,79,99,66,67,75,56,39,17,11,8,2013
245,35,33,24,44,41,86,89,104,98,116,86,80,64,52,45,39,14,24,11,2013
246,22,7,22,15,23,37,40,40,30,30,35,36,24,47,22,33,16,16,7,2013
250,19,25,43,38,51,94,81,50,80,47,89,99,58,69,108,67,35,22,21,2013
251,10,12,10,17,17,17,36,33,26,36,29,29,23,34,31,48,49,28,29,2013
252,14,17,31,35,29,38,25,30,46,43,46,42,38,44,54,45,27,22,22,2013
253,11,23,16,32,37,50,26,41,29,52,62,68,47,27,27,20,38,40,33,2013
254,19,23,43,41,40,61,41,49,42,51,80,77,60,43,60,65,63,43,22,2013
255,25,30,57,75,86,65,65,74,62,85,130,111,71,89,156,197,102,83,32,2013
256,83,53,61,73,64,102,119,121,93,93,101,66,65,61,48,48,49,33,22,2013
260,12,9,14,21,15,23,24,18,23,32,45,30,27,32,56,57,20,10,6,2013
261,12,21,31,41,47,55,36,34,49,56,73,57,43,49,93,105,41,47,29,2013
262,12,13,26,33,39,44,38,39,41,50,50,37,39,31,42,67,40,32,29,2013
263,94,150,171,230,232,148,190,199,262,256,232,156,106,160,189,126,70,48,79,2013
300,35,22,42,46,57,86,97,103,67,106,89,87,80,73,51,60,34,52,93,2013
301,21,25,27,38,45,117,128,118,89,88,112,83,72,84,59,65,34,28,40,2013
302,26,25,43,34,34,93,101,76,71,74,60,70,61,47,48,40,31,23,32,2013
303,31,21,30,38,56,105,112,104,97,75,103,96,73,58,53,56,27,30,32,2013
304,25,27,34,40,50,80,108,77,67,67,86,67,57,47,41,52,34,30,14,2013
305,11,12,13,23,24,26,38,51,31,36,46,42,30,21,29,25,17,11,12,2013
306,1,3,2,7,6,8,8,5,7,11,9,8,5,10,12,7,0,5,3,2013
310,19,23,33,39,49,41,43,38,53,60,65,61,61,39,24,21,12,16,16,2013
311,5,4,7,2,14,7,13,9,8,6,22,13,10,3,5,10,4,2,0,2013
320,45,26,33,59,104,248,176,135,113,101,129,121,94,88,56,46,28,13,12,2013
321,24,12,20,24,40,232,168,109,78,57,65,61,39,34,34,37,28,15,21,2013
322,49,59,75,92,135,306,262,199,166,163,178,167,139,119,156,161,87,69,70,2013
323,0,0,2,1,7,21,17,11,9,9,6,8,6,7,3,3,1,0,0,2013
330,16,17,21,27,41,153,114,102,56,38,44,47,33,52,31,34,19,14,11,2013
331,6,10,9,10,11,26,33,29,10,22,24,24,19,21,20,22,13,9,13,2013
332,19,8,10,19,28,94,134,99,62,74,58,66,72,53,37,34,12,9,8,2013
333,61,59,97,101,111,150,201,186,186,195,198,154,112,106,81,88,38,24,27,2013
334,34,29,16,32,48,159,115,127,81,90,89,79,43,33,34,30,23,22,11,2013
335,57,41,66,58,109,211,209,187,199,154,157,137,128,104,112,83,52,16,24,2013
336,6,3,11,9,29,140,64,39,26,20,15,25,16,25,14,15,16,12,1,2013
337,1,1,0,1,1,0,2,1,2,1,2,4,0,0,0,0,0,1,0,2013
338,1,0,0,0,1,0,0,2,2,0,0,0,2,0,0,0,1,1,0,2013
339,0,0,0,1,4,2,3,1,0,1,2,4,3,4,2,1,0,1,0,2013
340,14,14,30,50,48,92,50,44,51,43,42,48,52,40,31,24,9,5,4,2013
341,76,121,141,183,180,198,197,180,219,229,239,198,142,110,105,116,64,59,82,2013
342,4,7,12,11,17,29,18,14,14,22,33,34,14,16,23,40,22,12,2,2013
343,12,6,10,14,41,58,70,38,36,41,47,47,41,29,15,18,11,14,5,2013
344,2,6,4,6,14,26,24,12,9,16,24,23,27,15,20,16,6,11,9,2013
345,5,9,5,9,25,37,54,35,30,23,25,28,19,34,23,19,8,8,3,2013
350,32,29,36,43,40,61,88,106,94,91,82,68,63,59,65,82,59,45,42,2013
351,18,12,18,11,7,31,49,40,36,31,38,40,20,16,17,32,14,12,10,2013
352,9,8,11,11,22,25,28,30,32,28,22,32,19,15,12,26,8,10,4,2013
353,4,7,18,20,28,26,33,35,31,38,44,38,25,28,34,40,23,15,14,2013
354,13,14,25,27,28,32,24,38,50,45,47,33,20,35,37,44,16,19,11,2013
355,4,7,15,19,11,35,20,20,15,28,21,20,16,12,14,23,7,9,5,2013
356,20,26,24,28,28,38,38,47,54,53,45,44,44,44,53,48,19,13,17,2013
357,23,22,39,58,70,108,89,46,45,69,147,183,142,91,56,38,16,8,1,2013
360,43,36,46,72,70,113,136,113,109,120,119,119,112,100,96,73,23,16,12,2013
361,0,0,0,0,0,0,1,0,0,0,0,0,0,0,0,0,0,0,0,2013
400,26,23,27,32,25,50,49,64,54,61,54,58,34,40,34,30,21,14,21,2013
401,9,6,13,19,17,22,29,26,25,38,22,29,18,19,16,15,5,12,11,2013
402,14,23,17,16,33,29,71,72,53,60,57,37,30,38,23,33,25,7,9,2013
403,14,10,4,20,18,41,27,28,13,28,36,23,36,28,21,22,16,16,7,2013
404,4,10,9,18,18,7,12,13,12,29,19,21,15,15,9,9,6,5,6,2013
410,7,1,8,8,9,7,5,5,11,9,19,9,6,3,5,10,5,3,3,2013
420,10,18,13,26,22,65,59,62,42,27,30,33,19,13,16,13,5,5,6,2013
430,10,9,8,20,19,19,22,21,23,25,24,28,19,31,27,36,20,18,10,2013
431,33,46,66,82,105,121,80,83,95,122,108,114,151,130,149,147,72,39,27,2013
500,22,15,28,27,35,32,48,46,39,57,65,34,30,23,17,15,12,4,4,2013
501,6,9,16,14,8,19,24,26,16,21,14,13,13,4,7,8,6,7,3,2013
502,3,3,5,7,4,6,6,16,11,8,6,11,7,5,10,3,3,3,5,2013
510,21,30,27,27,55,48,74,89,60,80,86,56,49,52,25,31,18,12,8,2013
511,27,23,32,29,47,49,58,59,55,58,70,41,33,36,63,98,53,52,37,2013
512,21,27,45,50,82,72,78,47,60,70,87,71,65,59,27,44,29,25,34,2013
513,15,25,54,71,51,34,40,47,66,65,71,48,35,34,22,19,14,20,21,2013
514,7,12,19,37,59,49,31,27,62,65,76,70,51,44,57,24,16,21,21,2013
520,8,11,7,7,30,55,39,25,20,8,12,6,5,3,3,2,0,2,0,2013
521,0,0,0,4,1,3,2,1,8,6,4,7,4,2,4,5,0,2,1,2013
522,0,0,0,0,0,0,1,3,2,2,0,3,1,3,0,1,1,0,0,2013
600,5,3,2,1,12,9,24,16,6,7,11,13,16,5,10,5,4,6,5,2013
601,14,19,26,27,42,29,29,42,40,48,60,48,32,38,34,33,19,10,7,2013
602,17,15,22,36,31,23,59,45,26,37,52,39,25,23,33,42,28,20,12,2013
603,1,1,2,10,7,13,24,10,12,8,9,19,10,11,5,11,4,5,3,2013
604,5,6,3,5,2,5,11,16,12,13,16,13,18,19,26,36,16,9,4,2013
605,0,0,0,0,2,1,1,0,0,1,1,0,1,0,2,1,0,1,1,2013
610,21,22,18,19,26,27,30,55,39,40,44,40,56,40,47,50,37,17,30,2013
611,20,14,17,32,36,23,19,39,52,78,62,46,43,27,27,20,9,4,8,2013
612,26,36,43,38,47,49,61,79,76,92,84,54,56,42,44,41,25,23,26,2013
620,15,4,6,14,13,22,18,18,21,34,33,16,17,16,16,18,7,5,4,2013
621,18,16,20,32,27,28,38,69,53,59,59,47,27,21,20,19,11,5,12,2013
622,27,26,29,35,40,76,74,67,54,79,70,61,47,64,41,47,12,5,8,2013
630,45,36,38,53,78,80,98,81,71,82,93,81,69,89,79,116,68,46,39,2013
631,5,11,21,35,34,41,23,20,37,45,49,27,55,110,111,99,35,25,5,2013
632,15,17,26,38,46,39,32,39,59,65,61,45,43,37,38,51,46,42,22,2013
633,24,31,73,50,58,64,54,58,59,75,89,68,59,75,141,134,57,32,7,2013
634,12,16,26,32,24,18,21,43,28,40,29,25,69,101,57,37,12,6,4,2013
700,15,23,21,30,24,21,34,25,25,53,39,30,40,33,43,34,19,10,22,2013
800,11,12,19,36,21,23,33,25,31,36,48,41,31,37,36,43,21,21,8,2013
801,29,32,53,76,59,67,62,52,67,113,108,95,62,44,46,51,22,23,21,2013
802,19,16,30,23,31,26,29,35,40,47,52,48,45,47,75,66,31,24,16,2013